order_id,customer_id,product,category,unit_price,quantity,order_date,city,status
O1001,C001,Laptop,Electronics,65000,1,2026-10-06,Mumbai,Delivered
O1002,C002,Mouse,Accessories,800,2,2026-10-06,Pune,Delivered
O1003,C003,Keyboard,Accessories,1500,1,2026-10-06,Nashik,Shipped
O1004,C004,Headphones,Audio,2200,1,2026-10-06,Mumbai,Delivered
O1005,C005,Monitor,Electronics,12000,1,2026-10-06,Thane,Pending
O1006,C006,Webcam,Accessories,1800,2,2026-10-06,Mumbai,Delivered
O1007,C007,Laptop,Electronics,72000,1,2026-10-06,Pune,Shipped
O1008,C008,Mouse,Accessories,750,3,2026-10-06,Navi Mumbai,Delivered
O1009,C009,Smartwatch,Wearables,4500,1,2026-10-06,Mumbai,Delivered
O1010,C010,Keyboard,Accessories,1700,1,2026-10-06,Pune,Cancelled
O1011,C011,Monitor,Electronics,13500,1,2026-10-06,Mumbai,Delivered
O1012,C012,Headphones,Audio,2500,2,2026-10-06,Thane,Delivered
O1013,C013,Laptop,Electronics,68000,1,2026-10-06,Nashik,Shipped
O1014,C014,Mouse,Accessories,900,1,2026-10-06,Mumbai,Delivered
O1015,C015,Webcam,Accessories,1900,1,2026-10-06,Pune,Pending
O1016,C016,Laptop,Electronics,-65000,1,2026-10-06,Mumbai,Delivered
O1017,C017,Mouse,Accessories,800,0,2026-10-06,Pune,Delivered
O1018,,Keyboard,Accessories,1500,1,2026-10-06,Nashik,Delivered
O1019,C019,,Accessories,900,1,2026-10-06,Mumbai,Delivered
O1020,C020,Monitor,Electronics,12000,1,2026-10-06,Mumbai,Unknown
O1005,C021,Monitor,Electronics,12000,1,2026-10-06,Thane,Pending
O1022,C022,Mouse,Accessories,800,-2,2026-10-06,Pune,Delivered
O1023,C023,Headphones,Audio,2200,1,,Mumbai,Delivered
